State,Year,Sample,Block,Crop,Station,Abundance,Diversity
WI,2,1,1,CORN,1,0,0
WI,2,1,1,CORN,2,1,0
WI,2,1,1,CORN,3,2,1
WI,2,1,1,CORN,4,0,0
WI,2,1,2,CORN,1,0,0
WI,2,1,2,CORN,2,4,0.8333
WI,2,1,2,CORN,3,1,0
WI,2,1,2,CORN,4,0,0
WI,2,1,3,CORN,1,1,0
WI,2,1,3,CORN,2,1,0
WI,2,1,3,CORN,3,5,0.4
WI,2,1,3,CORN,4,0,0
WI,2,1,4,CORN,1,0,0
WI,2,1,4,CORN,2,0,0
WI,2,1,4,CORN,3,0,0
WI,2,1,4,CORN,4,0,0
WI,2,1,5,CORN,1,0,0
WI,2,1,5,CORN,2,0,0
WI,2,1,5,CORN,3,1,0
WI,2,1,5,CORN,4,1,0
WI,2,2,1,CORN,1,0,0
WI,2,2,1,CORN,2,0,0
WI,2,2,1,CORN,3,2,1
WI,2,2,1,CORN,4,1,0
WI,2,2,2,CORN,1,0,0
WI,2,2,2,CORN,2,0,0
WI,2,2,2,CORN,3,1,0
WI,2,2,2,CORN,4,0,0
WI,2,2,3,CORN,1,1,0
WI,2,2,3,CORN,2,1,0
WI,2,2,3,CORN,3,1,0
WI,2,2,3,CORN,4,9,0.2222
WI,2,2,4,CORN,1,0,0
WI,2,2,4,CORN,2,0,0
WI,2,2,4,CORN,3,1,0
WI,2,2,4,CORN,4,1,0
WI,2,2,5,CORN,1,0,0
WI,2,2,5,CORN,2,2,0
WI,2,2,5,CORN,3,0,0
WI,2,2,5,CORN,4,5,0.8
WI,2,3,1,CORN,1,2,0
WI,2,3,1,CORN,2,3,0.66667
WI,2,3,1,CORN,3,1,0
WI,2,3,1,CORN,4,2,1
WI,2,3,2,CORN,1,2,1
WI,2,3,2,CORN,2,5,0.9
WI,2,3,2,CORN,3,2,0
WI,2,3,2,CORN,4,9,0.58333
WI,2,3,3,CORN,1,2,1
WI,2,3,3,CORN,2,11,0.18182
WI,2,3,3,CORN,3,5,0.8
WI,2,3,3,CORN,4,3,0.667
WI,2,3,4,CORN,1,2,1
WI,2,3,4,CORN,2,1,0
WI,2,3,4,CORN,3,1,0
WI,2,3,4,CORN,4,0,0
WI,2,3,5,CORN,1,0,0
WI,2,3,5,CORN,2,1,0
WI,2,3,5,CORN,3,1,0
WI,2,3,5,CORN,4,3,0.667
WI,2,4,1,CORN,1,1,0
WI,2,4,1,CORN,2,4,0.833333333
WI,2,4,1,CORN,3,1,0
WI,2,4,1,CORN,4,3,0.666666667
WI,2,4,2,CORN,1,7,0.714285714
WI,2,4,2,CORN,2,2,0
WI,2,4,2,CORN,3,1,0
WI,2,4,2,CORN,4,1,0
WI,2,4,3,CORN,1,1,0
WI,2,4,3,CORN,2,0,0
WI,2,4,3,CORN,3,2,1
WI,2,4,3,CORN,4,1,0
WI,2,4,4,CORN,1,2,0
WI,2,4,4,CORN,2,0,0
WI,2,4,4,CORN,3,0,0
WI,2,4,4,CORN,4,0,0
WI,2,4,5,CORN,1,2,1
WI,2,4,5,CORN,2,2,0
WI,2,4,5,CORN,3,3,0.666666667
WI,2,4,5,CORN,4,4,0.666666667
WI,2,5,1,CORN,1,0,0
WI,2,5,1,CORN,2,2,0
WI,2,5,1,CORN,3,1,0
WI,2,5,1,CORN,4,4,0.5
WI,2,5,2,CORN,1,6,0.533333333
WI,2,5,2,CORN,2,2,0
WI,2,5,2,CORN,3,4,0.5
WI,2,5,2,CORN,4,0,0
WI,2,5,3,CORN,1,3,0.666666667
WI,2,5,3,CORN,2,0,0
WI,2,5,3,CORN,3,1,0
WI,2,5,3,CORN,4,14,0.604395604
WI,2,5,4,CORN,1,1,0
WI,2,5,4,CORN,2,0,0
WI,2,5,4,CORN,3,3,0.666666667
WI,2,5,4,CORN,4,1,0
WI,2,5,5,CORN,1,1,0
WI,2,5,5,CORN,2,NA,NA
WI,2,5,5,CORN,3,3,1
WI,2,5,5,CORN,4,8,0.25
MI,2,1,C,CORN,1,1,0
MI,2,1,C,CORN,2,2,1
MI,2,1,C,CORN,3,1,0
MI,2,1,C,CORN,4,2,1
MI,2,1,D,CORN,1,5,0.6
MI,2,1,D,CORN,2,0,0
MI,2,1,D,CORN,3,2,1
MI,2,1,D,CORN,4,0,0
MI,2,1,E,CORN,1,1,0
MI,2,1,E,CORN,2,0,0
MI,2,1,E,CORN,3,1,0
MI,2,1,E,CORN,4,1,0
MI,2,2,A,CORN,1,0,0
MI,2,2,A,CORN,2,2,1
MI,2,2,A,CORN,3,1,0
MI,2,2,A,CORN,4,1,0
MI,2,2,B,CORN,1,0,0
MI,2,2,B,CORN,2,0,0
MI,2,2,B,CORN,3,1,0
MI,2,2,B,CORN,4,4,0.66667
MI,2,2,C,CORN,1,0,0
MI,2,2,C,CORN,2,0,0
MI,2,2,C,CORN,3,0,0
MI,2,2,C,CORN,4,0,0
MI,2,2,D,CORN,1,0,0
MI,2,2,D,CORN,2,1,0
MI,2,2,D,CORN,3,0,0
MI,2,2,D,CORN,4,0,0
MI,2,2,E,CORN,1,3,0
MI,2,2,E,CORN,2,0,0
MI,2,2,E,CORN,3,1,0
MI,2,2,E,CORN,4,1,0
MI,2,4,A,CORN,1,0,0
MI,2,4,A,CORN,2,0,0
MI,2,4,A,CORN,3,1,0
MI,2,4,A,CORN,4,2,1
MI,2,4,B,CORN,1,0,0
MI,2,4,B,CORN,2,0,0
MI,2,4,B,CORN,3,0,0
MI,2,4,B,CORN,4,1,0
MI,2,4,C,CORN,1,0,0
MI,2,4,C,CORN,2,3,0.666666667
MI,2,4,C,CORN,3,1,0
MI,2,4,C,CORN,4,0,0
MI,2,4,D,CORN,1,0,0
MI,2,4,D,CORN,2,0,0
MI,2,4,D,CORN,3,0,0
MI,2,4,D,CORN,4,1,0
MI,2,4,E,CORN,1,3,0.666666667
MI,2,4,E,CORN,2,1,0
MI,2,4,E,CORN,3,0,0
MI,2,4,E,CORN,4,2,0
MI,2,5,A,CORN,1,2,1
MI,2,5,A,CORN,2,15,0
MI,2,5,A,CORN,3,8,0.75
MI,2,5,A,CORN,4,1,0
MI,2,5,B,CORN,1,1,0
MI,2,5,B,CORN,2,1,0
MI,2,5,B,CORN,3,1,0
MI,2,5,B,CORN,4,0,0
MI,2,5,C,CORN,1,2,1
MI,2,5,C,CORN,2,2,1
MI,2,5,C,CORN,3,5,0.7
MI,2,5,C,CORN,4,0,0
MI,2,5,D,CORN,1,0,0
MI,2,5,D,CORN,2,1,0
MI,2,5,D,CORN,3,4,0.833333333
MI,2,5,D,CORN,4,0,0
MI,2,5,E,CORN,1,0,0
MI,2,5,E,CORN,2,0,0
MI,2,5,E,CORN,3,1,0
MI,2,5,E,CORN,4,2,1
WI,1,1,1,CORN,1,0,0
WI,1,1,2,CORN,1,1,0
WI,1,1,2,CORN,2,0,0
WI,1,1,2,CORN,3,0,0
WI,1,1,2,CORN,4,0,0
WI,1,1,4,CORN,1,0,0
WI,1,1,4,CORN,2,0,0
WI,1,1,4,CORN,3,0,0
WI,1,1,4,CORN,4,0,0
WI,1,1,5,CORN,1,0,0
WI,1,1,5,CORN,2,2,0
WI,1,1,5,CORN,3,0,0
WI,1,1,5,CORN,4,0,0
WI,1,2,1,CORN,1,0,0
WI,1,2,1,CORN,2,0,0
WI,1,2,1,CORN,3,0,0
WI,1,2,1,CORN,4,0,0
WI,1,2,2,CORN,1,0,0
WI,1,2,2,CORN,2,0,0
WI,1,2,2,CORN,3,1,0
WI,1,2,2,CORN,4,0,0
WI,1,2,3,CORN,1,1,0
WI,1,2,3,CORN,2,0,0
WI,1,2,3,CORN,3,0,0
WI,1,2,3,CORN,4,0,0
WI,1,2,4,CORN,1,0,0
WI,1,2,4,CORN,2,0,0
WI,1,2,4,CORN,3,0,0
WI,1,2,4,CORN,4,0,0
WI,1,2,5,CORN,1,0,0
WI,1,2,5,CORN,2,2,0
WI,1,2,5,CORN,3,2,0
WI,1,2,5,CORN,4,1,0
WI,1,3,5,CORN,1,0,0
WI,1,3,5,CORN,2,0,0
WI,1,3,5,CORN,3,0,0
WI,1,3,5,CORN,4,0,0
WI,1,3,2,CORN,1,0,0
WI,1,3,2,CORN,2,0,0
WI,1,3,2,CORN,3,0,0
WI,1,3,2,CORN,4,0,0
WI,1,3,3,CORN,1,0,0
WI,1,3,3,CORN,2,2,1
WI,1,3,3,CORN,3,1,0
WI,1,3,3,CORN,4,2,1
WI,1,3,4,CORN,1,1,0
WI,1,3,4,CORN,2,2,0
WI,1,3,4,CORN,3,0,0
WI,1,3,4,CORN,4,2,0
WI,1,4,1,CORN,1,1,0
WI,1,4,1,CORN,2,0,0
WI,1,4,1,CORN,3,0,0
WI,1,4,1,CORN,4,0,0
WI,1,4,2,CORN,1,0,0
WI,1,4,2,CORN,2,1,0
WI,1,4,2,CORN,3,0,0
WI,1,4,2,CORN,4,0,0
WI,1,4,3,CORN,1,1,0
WI,1,4,3,CORN,2,2,0
WI,1,4,3,CORN,3,1,0
WI,1,4,3,CORN,4,1,0
WI,1,4,4,CORN,1,1,0
WI,1,4,4,CORN,2,0,0
WI,1,4,4,CORN,3,2,1
WI,1,4,4,CORN,4,0,0
WI,1,4,5,CORN,1,1,0
WI,1,4,5,CORN,2,0,0
WI,1,4,5,CORN,3,0,0
WI,1,4,5,CORN,4,0,0
WI,1,5,2,CORN,1,0,0
WI,1,5,2,CORN,2,2,0
WI,1,5,2,CORN,3,1,0
WI,1,5,2,CORN,4,0,0
WI,1,5,3,CORN,1,1,0
WI,1,5,3,CORN,2,0,0
WI,1,5,3,CORN,3,1,0
WI,1,5,3,CORN,4,2,1
WI,1,5,4,CORN,1,0,0
WI,1,5,4,CORN,2,2,0
WI,1,5,4,CORN,3,2,1
WI,1,5,4,CORN,4,0,0
WI,1,5,5,CORN,1,1,0
WI,1,5,5,CORN,2,5,0.9
WI,1,5,5,CORN,3,0,0
WI,1,5,5,CORN,4,6,0.333333
MI,1,1,D,CORN,S,3,0
MI,1,1,C,CORN,S,3,0.666666667
MI,1,1,C,CORN,N,2,1
MI,1,1,A,CORN,N,0,0
MI,1,1,B,CORN,S,2,0
MI,1,1,A,CORN,S,1,0
MI,1,1,E,CORN,N,2,0
MI,1,1,B,CORN,N,2,1
MI,1,1,D,CORN,N,1,0
MI,1,1,E,CORN,S,0,0
MI,1,2,C,CORN,S,1,0
MI,1,2,E,CORN,N,0,0
MI,1,2,D,CORN,S,1,0
MI,1,2,B,CORN,S,7,0.66667
MI,1,2,A,CORN,S,1,0
MI,1,2,A,CORN,N,2,1
MI,1,2,D,CORN,N,0,0
MI,1,2,C,CORN,N,2,1
MI,1,2,E,CORN,S,16,0
MI,1,2,B,CORN,N,4,0.5
MI,1,3,A,CORN,S,6,0.33333
MI,1,3,C,CORN,N,1,0
MI,1,3,E,CORN,N,0,0
MI,1,3,D,CORN,S,1,0
MI,1,3,E,CORN,S,1,0
MI,1,3,B,CORN,S,3,0.666667
MI,1,3,B,CORN,N,5,0.4
MI,1,3,C,CORN,S,1,0
MI,1,3,D,CORN,N,0,0
MI,1,3,A,CORN,N,3,1
MI,1,4,A,CORN,N,3,0.666666667
MI,1,4,A,CORN,S,4,1
MI,1,4,B,CORN,N,4,0.833333333
MI,1,4,B,CORN,S,2,1
MI,1,4,C,CORN,N,3,1
MI,1,4,C,CORN,S,3,0
MI,1,4,D,CORN,N,4,1
MI,1,4,D,CORN,S,3,1
MI,1,4,E,CORN,N,3,1
MI,1,4,E,CORN,S,0,0
MI,1,5,A,CORN,N,1,0
MI,1,5,A,CORN,S,2,1
MI,1,5,B,CORN,N,18,1
MI,1,5,B,CORN,S,76,1
MI,1,5,C,CORN,N,2,1
MI,1,5,C,CORN,S,4,0.5
MI,1,5,D,CORN,N,5,1
MI,1,5,D,CORN,S,2,1
MI,1,5,E,CORN,N,14,1
MI,1,5,E,CORN,S,13,0.987179487
MI,2,3,A,CORN,1,0,0
MI,2,3,A,CORN,2,1,0
MI,2,3,A,CORN,3,1,0
MI,2,3,A,CORN,4,3,0.66667
MI,2,3,B,CORN,1,1,0
MI,2,3,B,CORN,2,0,0
MI,2,3,B,CORN,3,1,0
MI,2,3,B,CORN,4,4,0
MI,2,3,C,CORN,1,3,0.66667
MI,2,3,C,CORN,2,0,0
MI,2,3,C,CORN,3,2,0
MI,2,3,C,CORN,4,1,0
MI,2,3,D,CORN,1,0,0
MI,2,3,D,CORN,2,0,0
MI,2,3,D,CORN,3,0,0
MI,2,3,D,CORN,4,1,0
MI,2,3,E,CORN,1,2,1
MI,2,3,E,CORN,2,0,0
MI,2,3,E,CORN,3,0,0
MI,2,3,E,CORN,4,0,0
WI,1,1,1,CORN,2,2,0
WI,1,1,1,CORN,3,0,0
WI,1,1,1,CORN,4,0,0
WI,1,1,3,CORN,1,0,0
WI,1,1,3,CORN,2,0,0
WI,1,1,3,CORN,3,1,0
WI,1,1,3,CORN,4,0,0
WI,1,3,5,CORN,1,0,0
WI,1,3,5,CORN,2,0,0
WI,1,3,5,CORN,3,0,0
WI,1,3,5,CORN,4,0,0
WI,1,5,5,CORN,1,0,0
WI,1,5,5,CORN,2,1,0
WI,1,5,5,CORN,3,1,0
WI,1,5,5,CORN,4,0,0
WI,2,1,1,COVER,1,1,0
WI,2,1,1,COVER,2,2,0
WI,2,1,1,COVER,3,1,0
WI,2,1,1,COVER,4,2,1
WI,2,1,2,COVER,1,4,0.5
WI,2,1,2,COVER,2,5,0.8
WI,2,1,2,COVER,3,4,0.5
WI,2,1,2,COVER,4,0,0
WI,2,1,3,COVER,1,3,0.6667
WI,2,1,3,COVER,2,1,0
WI,2,1,3,COVER,3,0,0
WI,2,1,3,COVER,4,2,1
WI,2,1,4,COVER,1,1,0
WI,2,1,4,COVER,2,1,0
WI,2,1,4,COVER,3,0,0
WI,2,1,4,COVER,4,0,0
WI,2,1,5,COVER,1,0,0
WI,2,1,5,COVER,2,0,0
WI,2,1,5,COVER,3,0,0
WI,2,1,5,COVER,4,1,0
WI,2,2,1,COVER,1,0,0
WI,2,2,1,COVER,2,10,0.64444
WI,2,2,1,COVER,3,0,0
WI,2,2,1,COVER,4,1,0
WI,2,2,2,COVER,1,1,0
WI,2,2,2,COVER,2,1,0
WI,2,2,2,COVER,3,0,0
WI,2,2,2,COVER,4,2,0
WI,2,2,3,COVER,1,0,0
WI,2,2,3,COVER,2,2,1
WI,2,2,3,COVER,3,1,0
WI,2,2,3,COVER,4,3,0.66667
WI,2,2,4,COVER,1,0,0
WI,2,2,4,COVER,2,1,0
WI,2,2,4,COVER,3,2,1
WI,2,2,4,COVER,4,2,1
WI,2,2,5,COVER,1,5,0
WI,2,2,5,COVER,2,1,0
WI,2,2,5,COVER,3,1,0
WI,2,2,5,COVER,4,3,0
WI,2,3,1,COVER,1,2,0
WI,2,3,1,COVER,2,3,0.6667
WI,2,3,1,COVER,3,8,0.82143
WI,2,3,1,COVER,4,12,0.66667
WI,2,3,2,COVER,1,8,0.75
WI,2,3,2,COVER,2,19,0.78363
WI,2,3,2,COVER,3,16,0.79167
WI,2,3,2,COVER,4,8,0.75
WI,2,3,3,COVER,1,5,0.7
WI,2,3,3,COVER,2,3,0.66667
WI,2,3,3,COVER,3,2,1
WI,2,3,3,COVER,4,4,0.8333
WI,2,3,4,COVER,1,3,0.6667
WI,2,3,4,COVER,2,4,1
WI,2,3,4,COVER,3,0,0
WI,2,3,4,COVER,4,2,1
WI,2,3,5,COVER,1,5,0.4
WI,2,3,5,COVER,2,0,0
WI,2,3,5,COVER,3,0,0
WI,2,3,5,COVER,4,3,1
WI,2,4,1,COVER,1,16,0.575
WI,2,4,1,COVER,2,8,0.821428571
WI,2,4,1,COVER,3,6,0.733333333
WI,2,4,1,COVER,4,7,0.476190476
WI,2,4,2,COVER,1,3,0
WI,2,4,2,COVER,2,0,0
WI,2,4,2,COVER,3,3,1
WI,2,4,2,COVER,4,1,0
WI,2,4,3,COVER,1,7,0.285714286
WI,2,4,3,COVER,2,4,0.666666667
WI,2,4,5,COVER,2,2,1
WI,2,4,3,COVER,3,1,0
WI,2,4,3,COVER,4,18,0.777777778
WI,2,4,4,COVER,1,2,1
WI,2,4,4,COVER,2,2,0
WI,2,4,4,COVER,3,5,0.8
WI,2,4,4,COVER,4,1,0
WI,2,4,5,COVER,1,7,0.476190476
WI,2,4,5,COVER,3,3,0
WI,2,4,5,COVER,4,5,0.7
WI,2,5,1,COVER,1,0,0
WI,2,5,1,COVER,2,1,0
WI,2,5,1,COVER,3,2,1
WI,2,5,1,COVER,4,2,0
WI,2,5,2,COVER,1,2,0
WI,2,5,2,COVER,2,0,0
WI,2,5,2,COVER,3,0,0
WI,2,5,2,COVER,4,5,0.6
WI,2,5,3,COVER,1,1,0
WI,2,5,3,COVER,2,0,0
WI,2,5,3,COVER,3,1,0
WI,2,5,3,COVER,4,2,0
WI,2,5,4,COVER,1,0,0
WI,2,5,4,COVER,2,2,1
WI,2,5,4,COVER,3,0,0
WI,2,5,4,COVER,4,2,0
WI,2,5,5,COVER,1,1,0
WI,2,5,5,COVER,2,1,0
WI,2,5,5,COVER,3,2,1
WI,2,5,5,COVER,4,5,0.6
MI,2,1,C,COVER,1,3,0.666666667
MI,2,1,C,COVER,2,NA,NA
MI,2,1,C,COVER,3,NA,NA
MI,2,1,C,COVER,4,NA,NA
MI,2,1,D,COVER,1,5,0
MI,2,1,D,COVER,2,16,0.125
MI,2,1,D,COVER,3,3,0.666666667
MI,2,1,D,COVER,4,2,0
MI,2,1,E,COVER,1,4,0.5
MI,2,1,E,COVER,2,NA,NA
MI,2,1,E,COVER,3,28,0.137566138
MI,2,1,E,COVER,4,NA,NA
MI,2,2,A,COVER,1,2,1
MI,2,2,A,COVER,2,2,1
MI,2,2,A,COVER,3,0,0
MI,2,2,A,COVER,4,2,1
MI,2,2,B,COVER,1,3,0.666666667
MI,2,2,B,COVER,2,0,0
MI,2,2,B,COVER,3,1,0
MI,2,2,B,COVER,4,12,0.31818
MI,2,2,C,COVER,1,1,0
MI,2,2,C,COVER,2,1,0
MI,2,2,C,COVER,3,4,0.83333
MI,2,2,C,COVER,4,3,0.666667
MI,2,2,D,COVER,1,3,0
MI,2,2,D,COVER,2,3,0
MI,2,2,D,COVER,3,13,0.29487
MI,2,2,D,COVER,4,4,0.5
MI,2,2,E,COVER,1,3,0
MI,2,2,E,COVER,2,6,0
MI,2,2,E,COVER,3,0,0
MI,2,2,E,COVER,4,0,0
MI,2,4,A,COVER,1,9,0
MI,2,4,A,COVER,2,4,0.5
MI,2,4,A,COVER,3,0,0
MI,2,4,A,COVER,4,2,1
MI,2,4,B,COVER,1,0,0
MI,2,4,B,COVER,2,0,0
MI,2,4,B,COVER,3,0,0
MI,2,4,B,COVER,4,4,0.5
MI,2,4,C,COVER,1,1,0
MI,2,4,C,COVER,2,0,0
MI,2,4,C,COVER,3,1,0
MI,2,4,C,COVER,4,4,0.5
MI,2,4,D,COVER,1,0,0
MI,2,4,D,COVER,2,1,0
MI,2,4,D,COVER,3,1,0
MI,2,4,D,COVER,4,3,0.66667
MI,2,4,E,COVER,1,1,0
MI,2,4,E,COVER,2,6,0.33333
MI,2,4,E,COVER,3,0,0
MI,2,4,E,COVER,4,3,0
MI,2,5,A,COVER,1,0,0
MI,2,5,A,COVER,2,3,0.666666667
MI,2,5,A,COVER,3,4,1
MI,2,5,A,COVER,4,0,0
MI,2,5,B,COVER,1,1,0
MI,2,5,B,COVER,2,0,0
MI,2,5,B,COVER,3,1,0
MI,2,5,B,COVER,4,2,1
MI,2,5,C,COVER,1,1,0
MI,2,5,C,COVER,2,1,0
MI,2,5,C,COVER,3,2,0
MI,2,5,C,COVER,4,3,0.666666667
MI,2,5,D,COVER,1,0,0
MI,2,5,D,COVER,2,1,0
MI,2,5,D,COVER,3,0,0
MI,2,5,D,COVER,4,1,0
MI,2,5,E,COVER,1,1,0
MI,2,5,E,COVER,2,0,0
MI,2,5,E,COVER,3,1,0
MI,2,5,E,COVER,4,1,0
WI,1,1,1,COVER,1,0,0
WI,1,1,1,COVER,2,0,0
WI,1,1,1,COVER,3,1,0
WI,1,1,1,COVER,4,1,0
WI,1,1,2,COVER,1,0,0
WI,1,1,2,COVER,2,0,0
WI,1,1,2,COVER,3,0,0
WI,1,1,2,COVER,4,0,0
WI,1,1,3,COVER,1,1,0
WI,1,1,3,COVER,2,0,0
WI,1,1,3,COVER,3,1,0
WI,1,1,3,COVER,4,0,0
WI,1,1,4,COVER,1,0,0
WI,1,1,4,COVER,2,0,0
WI,1,1,4,COVER,3,1,0
WI,1,1,4,COVER,4,0,0
WI,1,1,5,COVER,1,2,0
WI,1,1,5,COVER,2,0,0
WI,1,1,5,COVER,3,0,0
WI,1,1,5,COVER,4,3,0
WI,1,2,1,COVER,1,2,1
WI,1,2,1,COVER,2,6,0
WI,1,2,1,COVER,3,1,0
WI,1,2,1,COVER,4,2,0
WI,1,2,2,COVER,1,0,0
WI,1,2,2,COVER,2,0,0
WI,1,2,2,COVER,3,0,0
WI,1,2,2,COVER,4,0,0
WI,1,2,3,COVER,1,0,0
WI,1,2,3,COVER,2,3,0
WI,1,2,3,COVER,3,0,0
WI,1,2,3,COVER,4,0,0
WI,1,2,4,COVER,1,0,0
WI,1,2,4,COVER,2,0,0
WI,1,2,4,COVER,3,0,0
WI,1,2,4,COVER,4,4,0
WI,1,2,5,COVER,1,1,0
WI,1,2,5,COVER,2,4,0.5
WI,1,2,5,COVER,3,3,0.666666667
WI,1,2,5,COVER,4,8,0
WI,1,3,1,COVER,1,1,0
WI,1,3,1,COVER,2,0,0
WI,1,3,1,COVER,3,3,0
WI,1,3,1,COVER,4,1,0
WI,1,3,2,COVER,1,0,0
WI,1,3,2,COVER,2,4,0.5
WI,1,3,2,COVER,3,0,0
WI,1,3,2,COVER,4,2,0
WI,1,3,3,COVER,1,4,0.5
WI,1,3,3,COVER,2,1,0
WI,1,3,3,COVER,3,1,0
WI,1,3,3,COVER,4,3,0.666666667
WI,1,3,4,COVER,1,1,0
WI,1,3,4,COVER,2,2,0
WI,1,3,4,COVER,3,1,0
WI,1,3,4,COVER,4,4,0
WI,1,3,5,COVER,1,0,0
WI,1,3,5,COVER,2,0,0
WI,1,3,5,COVER,3,3,0
WI,1,3,5,COVER,4,0,0
WI,1,4,1,COVER,1,3,0.666666667
WI,1,4,1,COVER,2,0,0
WI,1,4,1,COVER,3,1,0
WI,1,4,1,COVER,4,1,0
WI,1,4,2,COVER,1,0,0
WI,1,4,2,COVER,2,2,1
WI,1,4,2,COVER,3,0,0
WI,1,4,2,COVER,4,2,0
WI,1,4,3,COVER,1,5,0
WI,1,4,3,COVER,2,0,0
WI,1,4,3,COVER,3,3,1
WI,1,4,3,COVER,4,10,0.644444444
WI,1,4,4,COVER,1,4,0.833333333
WI,1,4,4,COVER,3,2,0
WI,1,4,4,COVER,3,3,0.666666667
WI,1,4,4,COVER,4,6,0.333333333
WI,1,4,5,COVER,1,0,0
WI,1,4,5,COVER,2,4,0.666666667
WI,1,4,5,COVER,3,2,1
WI,1,4,5,COVER,4,4,0.666666667
WI,1,5,1,COVER,1,2,0
WI,1,5,1,COVER,2,1,0
WI,1,5,1,COVER,3,1,0
WI,1,5,1,COVER,4,3,0
WI,1,5,2,COVER,1,1,0
WI,1,5,2,COVER,2,0,0
WI,1,5,2,COVER,3,0,0
WI,1,5,2,COVER,4,2,1
WI,1,5,3,COVER,1,2,0
WI,1,5,3,COVER,2,0,0
WI,1,5,3,COVER,3,1,0
WI,1,5,3,COVER,4,4,0.5
WI,1,5,4,COVER,1,0,0
WI,1,5,4,COVER,2,0,0
WI,1,5,4,COVER,3,0,0
WI,1,5,4,COVER,4,1,0
WI,1,5,5,COVER,1,3,0.66667
WI,1,5,5,COVER,2,0,0
WI,1,5,5,COVER,3,0,0
WI,1,5,5,COVER,4,0,0
MI,1,1,A,COVER,N,1,0
MI,1,1,A,COVER,S,0,0
MI,1,2,A,COVER,N,2,0
MI,1,2,A,COVER,S,4,0
MI,1,3,A,COVER,S,4,0
MI,1,3,A,COVER,N,0,0
MI,1,1,B,COVER,N,0,0
MI,1,1,B,COVER,S,1,0
MI,1,2,B,COVER,S,0,0
MI,1,2,B,COVER,N,3,0
MI,1,3,B,COVER,S,0,0
MI,1,3,B,COVER,N,1,0
MI,1,1,C,COVER,S,0,0
MI,1,1,C,COVER,N,1,0
MI,1,2,C,COVER,N,0,0
MI,1,2,C,COVER,S,1,0
MI,1,3,C,COVER,S,2,1
MI,1,3,C,COVER,N,0,0
MI,1,1,D,COVER,S,6,0.866666667
MI,1,1,D,COVER,N,112,0.017857143
MI,1,2,D,COVER,S,2,0
MI,1,2,D,COVER,N,1,0
MI,1,3,D,COVER,S,0,0
MI,1,3,D,COVER,N,3,0.666666667
MI,1,1,E,COVER,N,1,0
MI,1,1,E,COVER,S,1,0
MI,1,2,E,COVER,N,1,0
MI,1,2,C,COVER,S,0,0
MI,1,3,E,COVER,N,2,0
MI,1,3,E,COVER,S,0,0
MI,1,4,A,COVER,N,0,0
MI,1,4,A,COVER,S,2,1
MI,1,4,B,COVER,N,3,0.666666667
MI,1,4,B,COVER,S,6,0.6
MI,1,4,C,COVER,N,6,0.8
MI,1,4,C,COVER,S,5,0.7
MI,1,4,D,COVER,N,2,0
MI,1,4,D,COVER,S,5,0.4
MI,1,4,E,COVER,N,3,1
MI,1,4,E,COVER,S,1,0
MI,1,5,A,COVER,N,4,1
MI,1,5,A,COVER,S,29,0.992610837
MI,1,5,B,COVER,N,4,1
MI,1,5,B,COVER,S,3,1
MI,1,5,C,COVER,N,9,0.722222222
MI,1,5,C,COVER,S,5,0.4
MI,1,5,D,COVER,N,30,0.986206897
MI,1,5,D,COVER,S,0,0
MI,1,5,E,COVER,N,2,1
MI,1,5,E,COVER,S,3,1
MI,2,3,A,COVER,1,0,0
MI,2,3,A,COVER,2,4,0.833333333
MI,2,3,A,COVER,3,0,0
MI,2,3,A,COVER,4,4,0.5
MI,2,3,B,COVER,1,3,0.666666667
MI,2,3,B,COVER,2,0,0
MI,2,3,B,COVER,3,1,0
MI,2,3,B,COVER,4,5,0.7
MI,2,3,C,COVER,1,1,0
MI,2,3,C,COVER,2,0,0
MI,2,3,C,COVER,3,0,0
MI,2,3,C,COVER,4,0,0
MI,2,3,D,COVER,1,5,0.9
MI,2,3,D,COVER,2,3,0.666666667
MI,2,3,D,COVER,3,10,0
MI,2,3,D,COVER,4,2,1
MI,2,3,E,COVER,1,3,0.666666667
MI,2,3,E,COVER,2,0,0
MI,2,3,E,COVER,3,0,0
MI,2,3,E,COVER,4,1,0
WI,2,1,1,PRAIRIE,1,25,0.226666667
WI,2,1,1,PRAIRIE,2,24,0.471014493
WI,2,1,1,PRAIRIE,3,8,0.785714286
WI,2,1,1,PRAIRIE,4,6,0.333333333
WI,2,1,2,PRAIRIE,1,9,0.5
WI,2,1,2,PRAIRIE,2,10,0.2
WI,2,1,2,PRAIRIE,3,10,0
WI,2,1,2,PRAIRIE,4,24,0.163043478
WI,2,1,3,PRAIRIE,1,6,0.6
WI,2,1,3,PRAIRIE,2,10,0.2
WI,2,1,3,PRAIRIE,3,10,0.711111111
WI,2,1,3,PRAIRIE,4,11,0.690909091
WI,2,1,4,PRAIRIE,1,14,0.142857143
WI,2,1,4,PRAIRIE,2,5,0.9
WI,2,1,4,PRAIRIE,3,12,0.545454545
WI,2,1,4,PRAIRIE,4,31,0.180645161
WI,2,1,5,PRAIRIE,1,10,0.355555556
WI,2,1,5,PRAIRIE,2,2,0
WI,2,1,5,PRAIRIE,3,10,0.2
WI,2,1,5,PRAIRIE,4,8,0.464285714
WI,2,2,1,PRAIRIE,1,15,0.6
WI,2,2,1,PRAIRIE,2,10,0.355555556
WI,2,2,1,PRAIRIE,3,23,0.498023715
WI,2,2,1,PRAIRIE,4,10,0.511111111
WI,2,2,2,PRAIRIE,1,1,0
WI,2,2,2,PRAIRIE,2,4,0.666666667
WI,2,2,2,PRAIRIE,3,3,0.666666667
WI,2,2,2,PRAIRIE,4,15,0.476190476
WI,2,2,3,PRAIRIE,1,8,0
WI,2,2,3,PRAIRIE,2,15,0.533333333
WI,2,2,3,PRAIRIE,3,17,0.514705882
WI,2,2,3,PRAIRIE,4,11,0.345454545
WI,2,2,4,PRAIRIE,1,4,0
WI,2,2,4,PRAIRIE,2,5,0.8
WI,2,2,4,PRAIRIE,3,8,0.607142857
WI,2,2,4,PRAIRIE,4,0,0
WI,2,2,5,PRAIRIE,1,10,0.2
WI,2,2,5,PRAIRIE,2,23,0.371541502
WI,2,2,5,PRAIRIE,3,5,0
WI,2,2,5,PRAIRIE,4,7,0
WI,2,3,1,PRAIRIE,1,18,0
WI,2,3,1,PRAIRIE,2,30,0.636781609
WI,2,3,1,PRAIRIE,3,22,0.311688312
WI,2,3,1,PRAIRIE,4,10,0.377777778
WI,2,3,2,PRAIRIE,1,14,0.67032967
WI,2,3,2,PRAIRIE,2,17,0.617647059
WI,2,3,2,PRAIRIE,3,18,0.209150327
WI,2,3,2,PRAIRIE,4,29,0.541871921
WI,2,3,3,PRAIRIE,1,23,0.656126482
WI,2,3,3,PRAIRIE,2,32,0.598790323
WI,2,3,3,PRAIRIE,3,20,0.673684211
WI,2,3,3,PRAIRIE,4,26,0.563076923
WI,2,3,4,PRAIRIE,1,12,0.712121212
WI,2,3,4,PRAIRIE,2,18,0.529411765
WI,2,3,4,PRAIRIE,3,30,0.296551724
WI,2,3,4,PRAIRIE,4,2,0
WI,2,3,5,PRAIRIE,1,20,0.189473684
WI,2,3,5,PRAIRIE,2,15,0.257142857
WI,2,3,5,PRAIRIE,3,15,0.342857143
WI,2,3,5,PRAIRIE,4,22,0.333333333
WI,2,4,1,PRAIRIE,1,13,0.717948718
WI,2,4,1,PRAIRIE,2,13,0.717948718
WI,2,4,1,PRAIRIE,3,13,0.717948718
WI,2,4,1,PRAIRIE,4,20,0.678947368
WI,2,4,2,PRAIRIE,1,4,0.666666667
WI,2,4,2,PRAIRIE,2,18,0.679738562
WI,2,4,2,PRAIRIE,3,9,0.75
WI,2,4,2,PRAIRIE,4,4,0.833333333
WI,2,4,3,PRAIRIE,1,5,0.4
WI,2,4,3,PRAIRIE,2,1,0
WI,2,4,3,PRAIRIE,3,2,1
WI,2,4,3,PRAIRIE,4,3,0.666666667
WI,2,4,4,PRAIRIE,1,10,0.777777778
WI,2,4,4,PRAIRIE,2,8,0.535714286
WI,2,4,4,PRAIRIE,3,10,0.6
WI,2,4,4,PRAIRIE,4,11,0.709090909
WI,2,4,5,PRAIRIE,1,5,0
WI,2,4,5,PRAIRIE,2,NA,NA
WI,2,4,5,PRAIRIE,3,1,0
WI,2,4,5,PRAIRIE,4,0,0
WI,2,5,1,PRAIRIE,1,9,0.666666667
WI,2,5,1,PRAIRIE,2,3,0.666666667
WI,2,5,1,PRAIRIE,3,4,0.666666667
WI,2,5,1,PRAIRIE,4,2,1
WI,2,5,2,PRAIRIE,1,4,0.833333333
WI,2,5,2,PRAIRIE,2,3,0
WI,2,5,2,PRAIRIE,3,7,0.666666667
WI,2,5,2,PRAIRIE,4,3,0.666666667
WI,2,5,3,PRAIRIE,1,6,0.733333333
WI,2,5,3,PRAIRIE,2,1,0
WI,2,5,3,PRAIRIE,3,3,0.666666667
WI,2,5,3,PRAIRIE,4,13,0.717948718
WI,2,5,4,PRAIRIE,1,0,0
WI,2,5,4,PRAIRIE,2,0,0
WI,2,5,4,PRAIRIE,3,1,0
WI,2,5,4,PRAIRIE,4,1,0
WI,2,5,5,PRAIRIE,1,4,1
WI,2,5,5,PRAIRIE,2,1,0
WI,2,5,5,PRAIRIE,3,3,0.666666667
WI,2,5,5,PRAIRIE,4,2,1
MI,2,1,C,PRAIRIE,1,3,0
MI,2,1,C,PRAIRIE,2,58,0.352087114
MI,2,1,C,PRAIRIE,3,58,0.323653962
MI,2,1,C,PRAIRIE,4,20,0.268421053
MI,2,1,D,PRAIRIE,1,7,0.285714286
MI,2,1,D,PRAIRIE,2,6,0
MI,2,1,D,PRAIRIE,3,9,0.416666667
MI,2,1,D,PRAIRIE,4,7,0.666666667
MI,2,1,E,PRAIRIE,1,7,0.523809524
MI,2,1,E,PRAIRIE,2,NA,NA
MI,2,1,E,PRAIRIE,3,NA,NA
MI,2,1,E,PRAIRIE,4,18,0.529411765
MI,2,2,A,PRAIRIE,1,12,0.409090909
MI,2,2,A,PRAIRIE,2,4,0.5
MI,2,2,A,PRAIRIE,3,21,0.380952381
MI,2,2,A,PRAIRIE,4,29,0.295566502
MI,2,2,B,PRAIRIE,1,9,0.555555556
MI,2,2,B,PRAIRIE,2,7,0.714285714
MI,2,2,B,PRAIRIE,3,5,0.7
MI,2,2,B,PRAIRIE,4,2,1
MI,2,2,C,PRAIRIE,1,10,0.555555556
MI,2,2,C,PRAIRIE,2,8,0.464285714
MI,2,2,C,PRAIRIE,3,7,0.571428571
MI,2,2,C,PRAIRIE,4,11,0.563636364
MI,2,2,D,PRAIRIE,1,2,0
MI,2,2,D,PRAIRIE,2,9,0.416666667
MI,2,2,D,PRAIRIE,3,2,1
MI,2,2,D,PRAIRIE,4,6,0.333333333
MI,2,2,E,PRAIRIE,1,3,0
MI,2,2,E,PRAIRIE,2,3,0.666666667
MI,2,2,E,PRAIRIE,3,25,0.08
MI,2,2,E,PRAIRIE,4,4,0.5
MI,2,4,A,PRAIRIE,1,71,0.028169014
MI,2,4,A,PRAIRIE,2,2,1
MI,2,4,A,PRAIRIE,3,9,0.222222222
MI,2,4,A,PRAIRIE,4,8,0.464285714
MI,2,4,B,PRAIRIE,1,6,0.8
MI,2,4,B,PRAIRIE,2,3,0.666666667
MI,2,4,B,PRAIRIE,3,3,0.666666667
MI,2,4,B,PRAIRIE,4,19,0.69005848
MI,2,4,C,PRAIRIE,1,5,0.7
MI,2,4,C,PRAIRIE,2,2,1
MI,2,4,C,PRAIRIE,3,30,0.128735632
MI,2,4,C,PRAIRIE,4,10,0.533333333
MI,2,4,D,PRAIRIE,1,3,0.666666667
MI,2,4,D,PRAIRIE,2,1,0
MI,2,4,D,PRAIRIE,3,1,0
MI,2,4,D,PRAIRIE,4,3,1
MI,2,4,E,PRAIRIE,1,16,0.533333333
MI,2,4,E,PRAIRIE,2,6,0.333333333
MI,2,4,E,PRAIRIE,3,12,0.590909091
MI,2,4,E,PRAIRIE,4,2,0
MI,2,5,A,PRAIRIE,1,1,0
MI,2,5,A,PRAIRIE,2,1,0
MI,2,5,A,PRAIRIE,3,3,0.666666667
MI,2,5,A,PRAIRIE,4,5,0.9
MI,2,5,B,PRAIRIE,1,0,0
MI,2,5,B,PRAIRIE,2,4,0.833333333
MI,2,5,B,PRAIRIE,3,4,0.833333333
MI,2,5,B,PRAIRIE,4,3,0
MI,2,5,C,PRAIRIE,1,1,0
MI,2,5,C,PRAIRIE,2,2,0
MI,2,5,C,PRAIRIE,3,2,1
MI,2,5,C,PRAIRIE,4,12,0.757575758
MI,2,5,D,PRAIRIE,1,6,0.6
MI,2,5,D,PRAIRIE,2,1,0
MI,2,5,D,PRAIRIE,3,3,0.666666667
MI,2,5,D,PRAIRIE,4,3,0
MI,2,5,E,PRAIRIE,1,3,0.666666667
MI,2,5,E,PRAIRIE,2,8,0.464285714
MI,2,5,E,PRAIRIE,3,6,0.8
MI,2,5,E,PRAIRIE,4,8,0.25
WI,1,1,1,PRAIRIE,1,1,0
WI,1,1,1,PRAIRIE,2,3,0
WI,1,1,1,PRAIRIE,3,24,0
WI,1,1,1,PRAIRIE,4,2,0
WI,1,1,2,PRAIRIE,1,2,0
WI,1,1,2,PRAIRIE,2,15,0.476190476
WI,1,1,2,PRAIRIE,3,12,0
WI,1,1,2,PRAIRIE,4,4,0
WI,1,1,3,PRAIRIE,1,5,0
WI,1,1,3,PRAIRIE,2,2,0
WI,1,1,3,PRAIRIE,3,0,0
WI,1,1,3,PRAIRIE,4,0,0
WI,1,1,4,PRAIRIE,1,0,0
WI,1,1,4,PRAIRIE,2,2,0
WI,1,1,4,PRAIRIE,3,3,0
WI,1,1,4,PRAIRIE,4,4,0.5
WI,1,1,5,PRAIRIE,1,18,0.111111111
WI,1,1,5,PRAIRIE,2,16,0.125
WI,1,1,5,PRAIRIE,3,13,0.282051282
WI,1,1,5,PRAIRIE,4,5,0.4
WI,1,2,1,PRAIRIE,1,3,0
WI,1,2,1,PRAIRIE,2,0,0
WI,1,2,1,PRAIRIE,3,0,0
WI,1,2,1,PRAIRIE,4,3,0
WI,1,2,2,PRAIRIE,1,10,0.644444444
WI,1,2,2,PRAIRIE,2,14,0.142857143
WI,1,2,2,PRAIRIE,3,7,0.571428571
WI,1,2,2,PRAIRIE,4,9,0.5
WI,1,2,3,PRAIRIE,1,14,0.384615385
WI,1,2,3,PRAIRIE,2,2,0
WI,1,2,3,PRAIRIE,3,8,0.535714286
WI,1,2,3,PRAIRIE,4,2,0
WI,1,2,4,PRAIRIE,1,11,0.672727273
WI,1,2,4,PRAIRIE,2,6,0.866666667
WI,1,2,4,PRAIRIE,3,6,0.733333333
WI,1,2,4,PRAIRIE,4,13,0.525641026
WI,1,2,5,PRAIRIE,1,19,0.409356725
WI,1,2,5,PRAIRIE,2,34,0.169340463
WI,1,2,5,PRAIRIE,3,12,0
WI,1,2,5,PRAIRIE,4,19,0.292397661
WI,1,3,1,PRAIRIE,1,4,0.666666667
WI,1,3,1,PRAIRIE,2,2,1
WI,1,3,1,PRAIRIE,3,2,0
WI,1,3,1,PRAIRIE,4,4,0
WI,1,3,2,PRAIRIE,1,1,0
WI,1,3,2,PRAIRIE,2,3,0
WI,1,3,2,PRAIRIE,3,3,0
WI,1,3,2,PRAIRIE,4,1,0
WI,1,3,3,PRAIRIE,1,3,0.666666667
WI,1,3,3,PRAIRIE,2,2,0
WI,1,3,3,PRAIRIE,3,1,0
WI,1,3,3,PRAIRIE,4,4,0
WI,1,3,4,PRAIRIE,1,29,0.541871921
WI,1,3,4,PRAIRIE,2,4,0.5
WI,1,3,4,PRAIRIE,3,2,1
WI,1,3,4,PRAIRIE,4,14,0.263736264
WI,1,3,5,PRAIRIE,1,7,0
WI,1,3,5,PRAIRIE,2,1,0
WI,1,3,5,PRAIRIE,3,11,0
WI,1,3,5,PRAIRIE,4,3,0
WI,1,4,1,PRAIRIE,1,3,1
WI,1,4,1,PRAIRIE,2,7,0.80952381
WI,1,4,1,PRAIRIE,3,7,0.666666667
WI,1,4,1,PRAIRIE,4,51,0.149803922
WI,1,4,2,PRAIRIE,1,4,0.833333333
WI,1,4,2,PRAIRIE,2,12,0.939393939
WI,1,4,2,PRAIRIE,3,10,0.844444444
WI,1,4,2,PRAIRIE,4,4,1
WI,1,4,3,PRAIRIE,1,5,0.7
WI,1,4,3,PRAIRIE,2,9,0.944444444
WI,1,4,3,PRAIRIE,3,2,1
WI,1,4,3,PRAIRIE,4,8,0.892857143
WI,1,4,4,PRAIRIE,1,4,0.833333333
WI,1,4,4,PRAIRIE,2,8,0.642857143
WI,1,4,4,PRAIRIE,3,7,0.714285714
WI,1,4,4,PRAIRIE,4,10,0.911111111
WI,1,4,5,PRAIRIE,1,10,0.866666667
WI,1,4,5,PRAIRIE,2,8,0.785714286
WI,1,4,5,PRAIRIE,3,5,0.9
WI,1,4,5,PRAIRIE,4,7,0.952380952
WI,1,5,1,PRAIRIE,1,20,0.536842105
WI,1,5,1,PRAIRIE,2,45,0.68989899
WI,1,5,1,PRAIRIE,3,29,0.798029557
WI,1,5,1,PRAIRIE,4,2,0
WI,1,5,2,PRAIRIE,1,3,0.666666667
WI,1,5,2,PRAIRIE,2,27,0.142450142
WI,1,5,2,PRAIRIE,3,12,0.666666667
WI,1,5,2,PRAIRIE,4,13,0.692307692
WI,1,5,3,PRAIRIE,1,4,0
WI,1,5,3,PRAIRIE,2,35,0.218487395
WI,1,5,3,PRAIRIE,3,12,0.666666667
WI,1,5,3,PRAIRIE,4,6,0.333333333
WI,1,5,4,PRAIRIE,1,20,0.442105263
WI,1,5,4,PRAIRIE,2,17,0.419117647
WI,1,5,4,PRAIRIE,3,12,0.166666667
WI,1,5,4,PRAIRIE,4,25,0.576666667
WI,1,5,5,PRAIRIE,1,40,0.494871795
WI,1,5,5,PRAIRIE,2,12,0.757575758
WI,1,5,5,PRAIRIE,3,11,0.563636364
WI,1,5,5,PRAIRIE,4,6,0.6
MI,1,1,E,PRAIRIE,N,6,0
MI,1,1,A,PRAIRIE,S,2,0
MI,1,1,B,PRAIRIE,S,6,0
MI,1,1,B,PRAIRIE,N,3,0.666666667
MI,1,1,A,PRAIRIE,N,0,0
MI,1,1,E,PRAIRIE,S,3,0.666666667
MI,1,1,C,PRAIRIE,S,4,0
MI,1,1,D,PRAIRIE,S,1,0
MI,1,1,C,PRAIRIE,N,1,0
MI,1,1,D,PRAIRIE,N,0,0
MI,1,2,B,PRAIRIE,N,4,0
MI,1,2,C,PRAIRIE,S,1,0
MI,1,2,E,PRAIRIE,S,0,0
MI,1,2,C,PRAIRIE,N,2,0
MI,1,2,A,PRAIRIE,N,3,0
MI,1,2,D,PRAIRIE,N,1,0
MI,1,2,A,PRAIRIE,S,1,0
MI,1,3,A,PRAIRIE,N,11,0
MI,1,3,E,PRAIRIE,S,1,0
MI,1,2,B,PRAIRIE,S,2,0
MI,1,2,D,PRAIRIE,S,3,0
MI,1,2,E,PRAIRIE,N,3,0
MI,1,3,D,PRAIRIE,S,2,0
MI,1,3,C,PRAIRIE,N,2,0
MI,1,3,E,PRAIRIE,N,2,0
MI,1,3,C,PRAIRIE,S,4,0
MI,1,3,D,PRAIRIE,N,1,0
MI,1,3,B,PRAIRIE,N,4,0.5
MI,1,3,B,PRAIRIE,S,4,0.5
MI,1,3,A,PRAIRIE,S,2,1
MI,1,4,A,PRAIRIE,N,29,0.948275862
MI,1,4,A,PRAIRIE,S,12,0.848484848
MI,1,4,B,PRAIRIE,N,13,0.628205128
MI,1,4,B,PRAIRIE,S,9,0.916666667
MI,1,4,C,PRAIRIE,N,4,0.5
MI,1,4,C,PRAIRIE,S,6,0.933333333
MI,1,4,D,PRAIRIE,N,9,0.416666667
MI,1,4,D,PRAIRIE,S,2,1
MI,1,4,E,PRAIRIE,N,4,1
MI,1,4,E,PRAIRIE,S,5,0.9
MI,1,5,A,PRAIRIE,N,21,0.685714286
MI,1,5,A,PRAIRIE,S,29,0.86453202
MI,1,5,B,PRAIRIE,N,33,0.742424242
MI,1,5,B,PRAIRIE,S,19,0.81871345
MI,1,5,C,PRAIRIE,N,15,0.8
MI,1,5,C,PRAIRIE,S,2532,0.999993446
MI,1,5,D,PRAIRIE,N,30,0.977011494
MI,1,5,D,PRAIRIE,S,18,0.928104575
MI,1,5,E,PRAIRIE,N,20,0.763157895
MI,1,5,E,PRAIRIE,S,10,0.666666667
MI,2,3,A,PRAIRIE,1,8,0.464285714
MI,2,3,A,PRAIRIE,2,7,0.285714286
MI,2,3,A,PRAIRIE,3,3,0
MI,2,3,A,PRAIRIE,4,0,0
MI,2,3,B,PRAIRIE,1,0,0
MI,2,3,B,PRAIRIE,2,1,0
MI,2,3,B,PRAIRIE,3,3,0.666666667
MI,2,3,B,PRAIRIE,4,3,0.666666667
MI,2,3,C,PRAIRIE,1,9,0.999794456
MI,2,3,C,PRAIRIE,2,10,0.999729857
MI,2,3,C,PRAIRIE,3,9,0.999603175
MI,2,3,C,PRAIRIE,4,5,0.989285714
MI,2,3,D,PRAIRIE,1,7,0.998132586
MI,2,3,D,PRAIRIE,2,4,0.983333333
MI,2,3,D,PRAIRIE,3,6,0.995454545
MI,2,3,D,PRAIRIE,4,14,0.999839198
MI,2,3,E,PRAIRIE,1,3,0.666666667
MI,2,3,E,PRAIRIE,2,6,0.995454545
MI,2,3,E,PRAIRIE,3,5,1
MI,2,3,E,PRAIRIE,4,13,0.999894667
WI,2,1,1,SWITCH,1,4,0
WI,2,1,1,SWITCH,2,5,0.8
WI,2,1,1,SWITCH,3,5,0.7
WI,2,1,1,SWITCH,4,3,0
WI,2,1,2,SWITCH,1,2,0
WI,2,1,2,SWITCH,2,7,0.285714286
WI,2,1,2,SWITCH,3,1,0
WI,2,1,2,SWITCH,4,4,0.5
WI,2,1,3,SWITCH,1,11,0.181818182
WI,2,1,3,SWITCH,2,11,0.181818182
WI,2,1,3,SWITCH,3,2,0
WI,2,1,3,SWITCH,4,12,0.318181818
WI,2,1,4,SWITCH,1,15,0.514285714
WI,2,1,4,SWITCH,2,25,0.48
WI,2,1,4,SWITCH,3,12,0.409090909
WI,2,1,4,SWITCH,4,11,0.327272727
WI,2,1,5,SWITCH,1,3,0
WI,2,1,5,SWITCH,2,7,0
WI,2,1,5,SWITCH,3,3,0.666666667
WI,2,1,5,SWITCH,4,5,0.4
WI,2,2,2,SWITCH,1,5,0
WI,2,2,2,SWITCH,2,8,0.75
WI,2,2,2,SWITCH,3,3,1
WI,2,2,2,SWITCH,4,1,0
WI,2,2,4,SWITCH,1,22,0.255411255
WI,2,2,4,SWITCH,2,1,0
WI,2,2,4,SWITCH,3,9,0.638888889
WI,2,2,4,SWITCH,4,8,0.607142857
WI,2,2,5,SWITCH,1,2,0
WI,2,2,5,SWITCH,2,3,0.666666667
WI,2,2,5,SWITCH,3,1,0
WI,2,2,5,SWITCH,4,2,0
WI,2,2,1,SWITCH,1,13,0.5
WI,2,2,1,SWITCH,2,4,0.5
WI,2,2,1,SWITCH,3,0,0
WI,2,2,1,SWITCH,4,4,0.5
WI,2,2,3,SWITCH,1,12,0.53030303
WI,2,2,3,SWITCH,2,13,0.538461538
WI,2,2,3,SWITCH,3,6,0.533333333
WI,2,2,3,SWITCH,4,4,0
WI,2,3,1,SWITCH,1,6,0.733333333
WI,2,3,1,SWITCH,2,12,0.484848485
WI,2,3,1,SWITCH,3,9,0.5
WI,2,3,1,SWITCH,4,3,1
WI,2,3,2,SWITCH,1,9,0.694444444
WI,2,3,2,SWITCH,2,3,0
WI,2,3,2,SWITCH,3,7,0.571428571
WI,2,3,2,SWITCH,4,2,1
WI,2,3,3,SWITCH,1,3,0.666666667
WI,2,3,3,SWITCH,2,4,0.5
WI,2,3,3,SWITCH,3,11,0.509090909
WI,2,3,3,SWITCH,4,5,0.8
WI,2,3,4,SWITCH,1,5,0
WI,2,3,4,SWITCH,2,11,0.472727273
WI,2,3,4,SWITCH,3,4,0.666666667
WI,2,3,4,SWITCH,4,9,0.388888889
WI,2,3,5,SWITCH,1,5,0.6
WI,2,3,5,SWITCH,2,0,0
WI,2,3,5,SWITCH,3,3,0.666666667
WI,2,3,5,SWITCH,4,3,0.666666667
WI,2,4,1,SWITCH,1,0,0
WI,2,4,1,SWITCH,2,3,0.666666667
WI,2,4,1,SWITCH,3,5,0.9
WI,2,4,1,SWITCH,4,4,1
WI,2,4,2,SWITCH,1,1,0
WI,2,4,2,SWITCH,2,10,0.711111111
WI,2,4,2,SWITCH,3,6,0.866666667
WI,2,4,2,SWITCH,4,1,0
WI,2,4,3,SWITCH,1,2,1
WI,2,4,3,SWITCH,2,NA,NA
WI,2,4,3,SWITCH,3,0,0
WI,2,4,3,SWITCH,4,5,0.4
WI,2,4,4,SWITCH,1,4,0
WI,2,4,4,SWITCH,2,4,0.5
WI,2,4,4,SWITCH,3,3,0.666666667
WI,2,4,4,SWITCH,4,3,0.666666667
WI,2,4,5,SWITCH,1,1,0
WI,2,4,5,SWITCH,2,5,0.7
WI,2,4,5,SWITCH,3,2,1
WI,2,4,5,SWITCH,4,1,0
WI,2,5,1,SWITCH,1,1,0
WI,2,5,1,SWITCH,2,4,0
WI,2,5,1,SWITCH,3,2,1
WI,2,5,1,SWITCH,4,2,0
WI,2,5,2,SWITCH,1,5,0.6
WI,2,5,2,SWITCH,2,4,0.833333333
WI,2,5,2,SWITCH,3,15,0.466666667
WI,2,5,2,SWITCH,4,0,0
WI,2,5,3,SWITCH,1,0,0
WI,2,5,3,SWITCH,2,3,0
WI,2,5,3,SWITCH,3,0,0
WI,2,5,3,SWITCH,4,1,0
WI,2,5,4,SWITCH,1,27,0.339031339
WI,2,5,4,SWITCH,2,10,0.377777778
WI,2,5,4,SWITCH,3,14,0.659340659
WI,2,5,4,SWITCH,4,19,0.456140351
WI,2,5,5,SWITCH,1,0,0
WI,2,5,5,SWITCH,2,3,0.666666667
WI,2,5,5,SWITCH,3,8,0.428571429
WI,2,5,5,SWITCH,4,0,0
MI,2,1,C,SWITCH,1,3,0
MI,2,1,C,SWITCH,2,27,0.52991453
MI,2,1,C,SWITCH,3,5,0.4
MI,2,1,C,SWITCH,4,NA,NA
MI,2,1,D,SWITCH,1,14,0
MI,2,1,D,SWITCH,2,12,0.439393939
MI,2,1,D,SWITCH,3,1,0
MI,2,1,D,SWITCH,4,6,0
MI,2,1,E,SWITCH,1,5,0.7
MI,2,1,E,SWITCH,2,11,0.436363636
MI,2,1,E,SWITCH,3,27,0.145299145
MI,2,1,E,SWITCH,4,6,0.533333333
MI,2,2,A,SWITCH,1,1,0
MI,2,2,A,SWITCH,2,3,0
MI,2,2,A,SWITCH,3,4,0.833333333
MI,2,2,A,SWITCH,4,2,0
MI,2,2,B,SWITCH,1,2,1
MI,2,2,B,SWITCH,2,NA,NA
MI,2,2,B,SWITCH,3,3,0.666666667
MI,2,2,B,SWITCH,4,1,0
MI,2,2,C,SWITCH,1,7,0.285714286
MI,2,2,C,SWITCH,2,17,0.470588235
MI,2,2,C,SWITCH,3,22,0.54978355
MI,2,2,C,SWITCH,4,8,0.75
MI,2,2,D,SWITCH,1,14,0.43956044
MI,2,2,D,SWITCH,2,9,0.5
MI,2,2,D,SWITCH,3,13,0.384615385
MI,2,2,D,SWITCH,4,2,0
MI,2,2,E,SWITCH,1,2,1
MI,2,2,E,SWITCH,2,24,0.554347826
MI,2,2,E,SWITCH,3,3,0.666666667
MI,2,2,E,SWITCH,4,14,0.395604396
MI,2,4,A,SWITCH,1,5,0.9
MI,2,4,A,SWITCH,2,3,0.666666667
MI,2,4,A,SWITCH,3,0,0
MI,2,4,A,SWITCH,4,6,0.866666667
MI,2,4,B,SWITCH,1,5,0.4
MI,2,4,B,SWITCH,2,2,1
MI,2,4,B,SWITCH,3,8,0.821428571
MI,2,4,B,SWITCH,4,2,0
MI,2,4,C,SWITCH,1,6,0.866666667
MI,2,4,C,SWITCH,2,5,0.8
MI,2,4,C,SWITCH,3,25,0.53
MI,2,4,C,SWITCH,4,16,0.616666667
MI,2,4,D,SWITCH,1,4,1
MI,2,4,D,SWITCH,2,16,0.6
MI,2,4,D,SWITCH,3,10,0.733333333
MI,2,4,D,SWITCH,4,13,0.525641026
MI,2,4,E,SWITCH,1,10,0.822222222
MI,2,4,E,SWITCH,2,4,0.5
MI,2,4,E,SWITCH,3,9,0.861111111
MI,2,4,E,SWITCH,4,3,1
MI,2,5,A,SWITCH,1,5,0.8
MI,2,5,A,SWITCH,2,0,0
MI,2,5,A,SWITCH,3,0,0
MI,2,5,A,SWITCH,4,6,0.8
MI,2,5,B,SWITCH,1,0,0
MI,2,5,B,SWITCH,2,13,0.628205128
MI,2,5,B,SWITCH,3,1,0
MI,2,5,B,SWITCH,4,5,0.9
MI,2,5,C,SWITCH,1,2,1
MI,2,5,C,SWITCH,2,4,1
MI,2,5,C,SWITCH,3,10,0.666666667
MI,2,5,C,SWITCH,4,4,0.833333333
MI,2,5,D,SWITCH,1,2,1
MI,2,5,D,SWITCH,2,7,0.714285714
MI,2,5,D,SWITCH,3,1,0
MI,2,5,D,SWITCH,4,5,0.7
MI,2,5,E,SWITCH,1,4,0.833333333
MI,2,5,E,SWITCH,2,2,0
MI,2,5,E,SWITCH,3,2,0
MI,2,5,E,SWITCH,4,11,0.709090909
WI,1,1,1,SWITCH,1,5,0.4
WI,1,1,1,SWITCH,2,5,0.4
WI,1,1,1,SWITCH,3,1,0
WI,1,1,1,SWITCH,4,5,0.7
WI,1,1,2,SWITCH,1,1,0
WI,1,1,2,SWITCH,2,6,0
WI,1,1,2,SWITCH,3,2,1
WI,1,1,2,SWITCH,4,9,0.5
WI,1,1,3,SWITCH,1,0,0
WI,1,1,3,SWITCH,2,0,0
WI,1,1,3,SWITCH,3,0,0
WI,1,1,3,SWITCH,4,0,0
WI,1,1,4,SWITCH,1,5,0.7
WI,1,1,4,SWITCH,2,7,0.714285714
WI,1,1,4,SWITCH,3,3,0.666666667
WI,1,1,4,SWITCH,4,0,0
WI,1,1,5,SWITCH,1,0,0
WI,1,1,5,SWITCH,2,2,0
WI,1,1,5,SWITCH,3,1,0
WI,1,1,5,SWITCH,4,0,0
WI,1,2,1,SWITCH,1,8,0.428571429
WI,1,2,1,SWITCH,2,29,0.413793103
WI,1,2,1,SWITCH,3,1,0
WI,1,2,1,SWITCH,4,11,0.436363636
WI,1,2,2,SWITCH,1,2,0
WI,1,2,2,SWITCH,2,4,0.833333333
WI,1,2,2,SWITCH,3,1,0
WI,1,2,2,SWITCH,4,4,0.5
WI,1,2,3,SWITCH,1,14,0.494505495
WI,1,2,3,SWITCH,2,8,0.25
WI,1,2,3,SWITCH,3,6,0
WI,1,2,3,SWITCH,4,3,0.666666667
WI,1,2,4,SWITCH,1,1,0
WI,1,2,4,SWITCH,2,4,0.833333333
WI,1,2,4,SWITCH,3,5,0.8
WI,1,2,4,SWITCH,4,7,0.666666667
WI,1,2,5,SWITCH,1,7,0
WI,1,2,5,SWITCH,2,7,0.476190476
WI,1,2,5,SWITCH,3,4,0
WI,1,2,5,SWITCH,4,6,0.533333333
WI,1,3,1,SWITCH,1,1,0
WI,1,3,1,SWITCH,2,2,1
WI,1,3,1,SWITCH,3,1,0
WI,1,3,1,SWITCH,4,3,1
WI,1,3,2,SWITCH,1,1,0
WI,1,3,2,SWITCH,2,1,0
WI,1,3,2,SWITCH,3,1,0
WI,1,3,2,SWITCH,4,0,0
WI,1,3,3,SWITCH,1,3,0
WI,1,3,3,SWITCH,2,0,0
WI,1,3,3,SWITCH,3,2,0
WI,1,3,3,SWITCH,4,2,0
WI,1,3,4,SWITCH,1,1,0
WI,1,3,4,SWITCH,2,2,1
WI,1,3,4,SWITCH,3,0,0
WI,1,3,4,SWITCH,4,1,0
WI,1,3,5,SWITCH,1,6,0.333333
WI,1,3,5,SWITCH,2,0,0
WI,1,3,5,SWITCH,3,3,0.66667
WI,1,3,5,SWITCH,4,5,0.8
WI,1,4,1,SWITCH,1,3,1
WI,1,4,1,SWITCH,2,6,0.8
WI,1,4,1,SWITCH,3,0,0
WI,1,4,1,SWITCH,4,2,1
WI,1,4,2,SWITCH,1,0,0
WI,1,4,2,SWITCH,2,9,0.583333333
WI,1,4,2,SWITCH,3,1,0
WI,1,4,2,SWITCH,4,2,1
WI,1,4,3,SWITCH,1,4,0
WI,1,4,3,SWITCH,2,3,0.666666667
WI,1,4,3,SWITCH,3,9,1
WI,1,4,3,SWITCH,4,1,0
WI,1,4,4,SWITCH,1,10,0.844444444
WI,1,4,4,SWITCH,2,4,1
WI,1,4,4,SWITCH,3,21,0.880952381
WI,1,4,4,SWITCH,4,9,0.972222222
WI,1,4,5,SWITCH,1,6,1
WI,1,4,5,SWITCH,2,9,0.972222222
WI,1,4,5,SWITCH,3,10,0.977777778
WI,1,4,5,SWITCH,4,3,1
WI,1,5,1,SWITCH,1,8,0.25
WI,1,5,1,SWITCH,2,6,0.733333333
WI,1,5,1,SWITCH,3,3,0.666666667
WI,1,5,1,SWITCH,4,4,0
WI,1,5,2,SWITCH,1,3,0.666666667
WI,1,5,2,SWITCH,2,0,0
WI,1,5,2,SWITCH,3,7,0.952380952
WI,1,5,2,SWITCH,4,1,0
WI,1,5,3,SWITCH,1,0,0
WI,1,5,3,SWITCH,2,6,0.6
WI,1,5,3,SWITCH,3,11,0.509090909
WI,1,5,3,SWITCH,4,9,0.388888889
WI,1,5,4,SWITCH,1,3,0.666666667
WI,1,5,4,SWITCH,2,19,0.754385965
WI,1,5,4,SWITCH,3,4,1
WI,1,5,4,SWITCH,4,7,0.523809524
WI,1,5,5,SWITCH,1,6,0.333333333
WI,1,5,5,SWITCH,2,4,0.5
WI,1,5,5,SWITCH,3,4,0.833333333
WI,1,5,5,SWITCH,4,6,0.6
MI,1,1,A,SWITCH,S,1,0
MI,1,1,D,SWITCH,N,6,0.333333333
MI,1,1,D,SWITCH,S,4,0
MI,1,1,E,SWITCH,S,3,0.666666667
MI,1,1,A,SWITCH,N,0,0
MI,1,1,E,SWITCH,N,6,0
MI,1,1,B,SWITCH,S,1,0
MI,1,1,C,SWITCH,S,5,0.4
MI,1,1,B,SWITCH,N,3,0
MI,1,1,C,SWITCH,N,4,0
MI,1,2,D,SWITCH,S,3,0.666666667
MI,1,2,C,SWITCH,S,2,0
MI,1,2,C,SWITCH,N,1,0
MI,1,2,B,SWITCH,N,4,0
MI,1,2,B,SWITCH,S,0,0
MI,1,2,E,SWITCH,N,0,0
MI,1,2,A,SWITCH,S,2,1
MI,1,2,A,SWITCH,N,1,0
MI,1,2,E,SWITCH,S,6,0.533333333
MI,1,2,D,SWITCH,N,28,0.253968254
MI,1,3,E,SWITCH,N,4,0.666666667
MI,1,3,C,SWITCH,S,4,0.833333333
MI,1,3,D,SWITCH,S,2,0
MI,1,3,E,SWITCH,S,5,0.7
MI,1,3,C,SWITCH,N,3,0
MI,1,3,D,SWITCH,N,5,0.6
MI,1,3,B,SWITCH,S,1,0
MI,1,3,A,SWITCH,N,1,0
MI,1,3,B,SWITCH,N,0,0
MI,1,3,A,SWITCH,S,8,0.25
MI,1,4,A,SWITCH,N,7,0.523809524
MI,1,4,A,SWITCH,S,3,0.666666667
MI,1,4,B,SWITCH,N,10,0.866666667
MI,1,4,B,SWITCH,S,6,0.933333333
MI,1,4,C,SWITCH,N,10,0.666666667
MI,1,4,C,SWITCH,S,35,0.954621849
MI,1,4,D,SWITCH,N,15,0.99047619
MI,1,4,D,SWITCH,S,9,0.833333333
MI,1,4,E,SWITCH,N,2,1
MI,1,4,E,SWITCH,S,3,1
MI,1,5,A,SWITCH,N,109,0.996432212
MI,1,5,A,SWITCH,S,33,0.876893939
MI,1,5,B,SWITCH,N,44,0.930232558
MI,1,5,B,SWITCH,S,10,0.377777778
MI,1,5,C,SWITCH,N,24,0.960144928
MI,1,5,C,SWITCH,S,100,0.947878788
MI,1,5,D,SWITCH,N,71,0.995975855
MI,1,5,D,SWITCH,S,13,0.987179487
MI,1,5,E,SWITCH,N,141,0.995136778
MI,1,5,E,SWITCH,S,25,0.966666667
MI,2,3,A,SWITCH,1,3,0.666666667
MI,2,3,A,SWITCH,2,3,0.666666667
MI,2,3,A,SWITCH,3,1,0
MI,2,3,A,SWITCH,4,19,0.555555556
MI,2,3,B,SWITCH,1,13,0
MI,2,3,B,SWITCH,2,5,0.4
MI,2,3,B,SWITCH,3,2,0
MI,2,3,B,SWITCH,4,0,0
MI,2,3,C,SWITCH,1,15,0.247619048
MI,2,3,C,SWITCH,2,7,0.523809524
MI,2,3,C,SWITCH,3,9,0.555555556
MI,2,3,C,SWITCH,4,9,0.5
MI,2,3,D,SWITCH,1,17,0
MI,2,3,D,SWITCH,2,15,0.133333333
MI,2,3,D,SWITCH,3,3,0.666666667
MI,2,3,D,SWITCH,4,4,0.666666667
MI,2,3,E,SWITCH,1,1,0
MI,2,3,E,SWITCH,2,6,0.533333333
MI,2,3,E,SWITCH,3,9,0.222222222
MI,2,3,E,SWITCH,4,11,0.709090909
